name,lat,lon,notes,source,tags
Cafe Lota,28.6136,77.2427,"Regional Indian at the Crafts Museum. Sabudana popcorn, palak patta chaat.",https://www.instagram.com/cafelota/,"cafe,food"
Hauz Khas Village,28.5535,77.1926,"Deer park + the fort ruins by the lake. Go before sunset.",https://www.instagram.com/explore/tags/hauzkhasvillage/,"walk,heritage"
Lodhi Art District,28.5895,77.2262,"Open-air street art across the Lodhi Colony blocks.",https://www.instagram.com/st_artindia/,"art,walk"
Champa Gali,28.5236,77.1985,"Lane of cafes in Saidulajab. Try Jugmug Thela.",https://www.instagram.com/jugmugthela/,"cafe"
Majnu Ka Tilla,28.7003,77.2296,"Tibetan colony. Laphing, butter tea, AMA cafe.",https://www.instagram.com/explore/tags/majnukatilla/,"food"
Sunder Nursery,28.5934,77.2438,"Heritage park next to Humayun's Tomb. Picnic spot.",https://www.instagram.com/sundernursery/,"park"
Paranthe Wali Gali,28.6562,77.2296,"Old Delhi parathas; combine with Jama Masjid.",https://www.instagram.com/explore/tags/paranthewaligali/,"food,heritage"
Khan Market,28.6003,77.2270,"Bookshops (Bahrisons, Faqir Chand) and Big Chill.",https://www.instagram.com/explore/tags/khanmarket/,"shopping,cafe"
Dilli Haat,28.5733,77.2098,"Craft bazaar + regional food stalls.",https://www.instagram.com/explore/tags/dillihaat/,"shopping,food"
Yamuna Biodiversity Park,28.7266,77.2180,"Wetlands and birding, best in winter mornings.",https://www.instagram.com/explore/tags/yamunabiodiversitypark/,"park,nature"
